懈,0,1.0000
胁,0,0.9993
薪械,0,0.9987
薪邪,0,0.9980
褟,0,0.9973
褔褌芯,0,0.9967
芯薪,0,0.9960
褋,0,0.9953
芯薪邪,0,0.9947
褝褌芯,0,0.9940
泻邪泻,0,0.9933
薪芯,0,0.9927
锌芯,0,0.9920
芯薪懈,0,0.9913
懈蟹,0,0.9907
屑褘,0,0.9900
写邪,0,0.9893
薪械褌,0,0.9887
械谐芯,0,0.9880
械褢,0,0.9873
胁褋褢,0,0.9867
胁褋械,0,0.9860
褌芯,0,0.9853
褌邪泻,0,0.9847
邪,0,0.9840
屑薪械,0,0.9833
胁芯褌,0,0.9827
械褋谢懈,0,0.9820
褍卸械,0,0.9813
懈谢懈,0,0.9807
屑邪屑邪,0,0.9800
锌邪锌邪,0,0.9793
写芯屑,0,0.9787
泻芯褌,0,0.9780
锌褢褋,0,0.9773
褉褍泻邪,0,0.9767
薪芯谐邪,0,0.9760
谐谢邪蟹邪,0,0.9753
薪芯褋,0,0.9747
褉芯褌,0,0.9740
褍褏芯,0,0.9733
谐芯谢芯胁邪,0,0.9727
卸懈胁芯褌,0,0.9720
械褋褌褜,0,0.9713
懈写褌懈,0,0.9707
写邪褌褜,0,0.9700
胁蟹褟褌褜,0,0.9693
胁懈写械褌褜,0,0.9687
蟹薪邪褌褜,0,0.9680
褏芯褌械褌褜,0,0.9673
屑芯褔褜,0,0.9667
褋锌邪褌褜,0,0.9660
锌懈褌褜,0,0.9653
斜械卸邪褌褜,0,0.9647
懈谐褉邪褌褜,0,0.9640
褋屑芯褌褉械褌褜,0,0.9633
谐芯胁芯褉懈褌褜,0,0.9627
谢褞斜懈褌褜,0,0.9620
褋写械谢邪褌褜,0,0.9613
懈屑械褌褜,0,0.9607
褋褌芯褟褌褜,0,0.9600
褋懈写械褌褜,0,0.9593
谢械卸邪褌褜,0,0.9587
胁芯写邪,0,0.9580
褏谢械斜,0,0.9573
屑芯谢芯泻芯,0,0.9567
褟斜谢芯泻芯,0,0.9560
屑褟褔,0,0.9553
泻薪懈谐邪,0,0.9547
褋褌芯谢,0,0.9540
褋褌褍谢,0,0.9533
芯泻薪芯,0,0.9527
写胁械褉褜,0,0.9520
斜芯谢褜褕芯泄,0,0.9513
屑邪谢械薪褜泻懈泄,0,0.9507
泻褉邪褋懈胁褘泄,0,0.9500
写芯斜褉褘泄,0,0.9493
胁械褋褢谢褘泄,0,0.9487
谐褉褍褋褌薪褘泄,0,0.9480
蟹谢芯泄,0,0.9473
薪芯胁褘泄,0,0.9467
褋褌邪褉褘泄,0,0.9460
褔懈褋褌褘泄,0,0.9453
芯写懈薪,0,0.9447
写胁邪,0,0.9440
褌褉懈,0,0.9433
屑薪芯谐芯,0,0.9427
屑邪谢芯,0,0.9420
芯褔械薪褜,0,0.9413
褏芯褉芯褕芯,0,0.9407
锌谢芯褏芯,0,0.9400
斜褘褋褌褉芯,0,0.9393
褌懈褏芯,0,0.9387
斜邪斜褍褕泻邪,0,0.9380
写械写褍褕泻邪,0,0.9373
斜褉邪褌,0,0.9367
褋械褋褌褉邪,0,0.9360
褋械屑褜褟,0,0.9353
褉械斜褢薪芯泻,0,0.9347
写械褌懈,0,0.9340
泻褍褕邪褌褜,0,0.9333
锌褉懈泄褌懈,0,0.9327
褍泄褌懈,0,0.9320
褌褍褌,0,0.9313
褌邪屑,0,0.9307
谐写械,0,0.9300
泻芯谐写邪,0,0.9293
蟹邪褔械屑,0,0.9287
锌芯褔械屑褍,0,0.9280
锌芯褌芯屑褍,0,0.9273
褔褌芯斜褘,0,0.9267
褌芯卸械,0,0.9260
械褖褢,0,0.9253
褋邪屑,0,0.9247
褋胁芯褢,0,0.9240
薪邪褕,0,0.9233
胁邪褕,0,0.9227
懈褏,0,0.9220
泻褌芯,0,0.9213
薪邪屑,0,0.9207
胁邪屑,0,0.9200
褋械泄褔邪褋,0,0.9193
锌芯褌芯屑,0,0.9187
褋泻芯褉芯,0,0.9180
薪械谢褜蟹褟,0,0.9173
屑芯卸薪芯,0,0.9167
薪邪写芯,0,0.9160
薪褍卸薪芯,0,0.9153
褏胁邪褌懈褌,0,0.9147
褋薪芯胁邪,0,0.9140
芯锌褟褌褜,0,0.9133
锌械褉胁褘泄,0,0.9127
锌芯褋谢械写薪懈泄,0,0.9120
泻邪卸写褘泄,0,0.9113
褋胁芯泄,0,0.9107
褌邪泻芯泄,0,0.9100
褝褌芯褌,0,0.9093
褌芯褌,0,0.9087
胁械褋褜,0,0.9073
谢褞斜芯泄,0,0.9067
写褉褍谐芯泄,0,0.9060
屑懈褉,0,0.9053
卸懈蟹薪褜,0,0.9047
写械薪褜,0,0.9040
谐芯写,0,0.9033
胁褉械屑褟,0,0.9027
屑械褋褌芯,0,0.9020
锌褍褌褜,0,0.9013
泻芯薪械褑,0,0.9007
薪邪褔邪谢芯,0,0.9000
懈屑褟,0,0.8993
褋谢芯胁芯,0,0.8987
写械谢芯,0,0.8980
褔邪褋褌褜,0,0.8973
胁械褖褜,0,0.8967
褉邪蟹,0,0.8960
褔械谢芯胁械泻,0,0.8953
谢褞写懈,0,0.8947
褉褟写芯屑,0,0.8940
胁屑械褋褌械,0,0.8933
胁褋械谐写邪,0,0.8927
薪懈泻芯谐写邪,0,0.8920
懈薪芯谐写邪,0,0.8913
褍褌褉芯,0,0.8907
胁械褔械褉,0,0.8900
薪芯褔褜,0,0.8893
谢械褌芯,0,0.8887
蟹懈屑邪,0,0.8880
胁械褋薪邪,0,0.8873
芯褋械薪褜,0,0.8867
褌械锌谢芯,0,0.8860
褏芯谢芯写薪芯,0,0.8853
褋胁械褌谢芯,0,0.8847
褌械屑薪芯,0,0.8840
薪褉邪胁懈褌褜褋褟,0,0.8833
锌芯屑芯谐邪褌褜,0,0.8827
褉邪斜芯褌邪褌褜,0,0.8820
褍褔懈褌褜褋褟,0,0.8813
褔懈褌邪褌褜,0,0.8807
锌懈褋邪褌褜,0,0.8800
写褉褍卸懈褌褜,0,0.8793
锌谢邪泻邪褌褜,0,0.8787
褋屑械褟褌褜褋褟,0,0.8780
泻褉懈褔邪褌褜,0,0.8773
屑芯谢褔邪褌褜,0,0.8767
写褍屑邪褌褜,0,0.8760
锌芯薪懈屑邪褌褜,0,0.8753
锌芯屑薪懈褌褜,0,0.8747
卸写邪褌褜,0,0.8740
薪邪泄褌懈,0,0.8733
锌芯褌械褉褟褌褜,0,0.8727
芯褌泻褉褘褌褜,0,0.8720
蟹邪泻褉褘褌褜,0,0.8713
泻褍锌懈褌褜,0,0.8707
锌褉懈薪械褋褌懈,0,0.8700
锌芯泻邪蟹邪褌褜,0,0.8693
褋锌褉芯褋懈褌褜,0,0.8687
芯褌胁械褌懈褌褜,0,0.8680
褋泻邪蟹邪褌褜,0,0.8673
褉邪褋褋泻邪蟹邪褌褜,0,0.8667
褋谢褘褕邪褌褜,0,0.8660
褔褍胁褋褌胁芯胁邪褌褜,0,0.8653
芯斜薪褟褌褜,0,0.8647
锌芯褑械谢芯胁邪褌褜,0,0.8640
褍谢褘斜邪褌褜褋褟,0,0.8633
斜芯褟褌褜褋褟,0,0.8627
褉邪写芯胁邪褌褜褋褟,0,0.8620
芯谐芯褉褔邪褌褜褋褟,0,0.8613
蟹谢懈褌褜褋褟,0,0.8607
锌褉芯褖邪褌褜,0,0.8600
锌褉芯褋懈褌褜,0,0.8593
褏胁邪谢懈褌褜,0,0.8580
褉褍谐邪褌褜,0,0.8573
泻芯褉屑懈褌褜,0,0.8567
谐褍谢褟褌褜,0,0.8560
锌械褌褜,0,0.8553
褉懈褋芯胁邪褌褜,0,0.8547
锌褉褘谐邪褌褜,0,0.8540
斜褉芯褋邪褌褜,0,0.8533
谢芯胁懈褌褜,0,0.8527
褋褌褉芯懈褌褜,0,0.8520
谢芯屑邪褌褜,0,0.8513
屑褘褌褜,0,0.8507
芯写械胁邪褌褜,0,0.8500
褋薪懈屑邪褌褜,0,0.8493
薪械褋褌懈,0,0.8487
褌邪褖懈褌褜,0,0.8480
褌芯谢泻邪褌褜,0,0.8473
褌褟薪褍褌褜,0,0.8467
褋邪写懈褌褜褋褟,0,0.8460
胁褋褌邪胁邪褌褜,0,0.8453
谢芯卸懈褌褜褋褟,0,0.8447
锌褉芯褋褘锌邪褌褜褋褟,0,0.8440
褍屑褘胁邪褌褜褋褟,0,0.8433
褔懈褋褌懈褌褜,0,0.8427
褍谐芯褖邪褌褜,0,0.8413
写械谢懈褌褜褋褟,0,0.8407
锌芯屑懈褉懈褌褜,0,0.8400
屑懈褉懈褌褜褋褟,0,0.8393
锌芯泄褌懈,0,0.8380
锌褉懈械褏邪褌褜,0,0.8367
褍械褏邪褌褜,0,0.8360
锌褉懈谢械褌械褌褜,0,0.8353
褍谢械褌械褌褜,0,0.8347
械褏邪褌褜,0,0.8340
谢械褌械褌褜,0,0.8333
锌谢褘褌褜,0,0.8327
锌芯谢蟹褌懈,0,0.8320
锌褉褘谐薪褍褌褜,0,0.8313
褍锌邪褋褌褜,0,0.8307
胁褋褌邪褌褜,0,0.8300
褋械褋褌褜,0,0.8293
谢械褔褜,0,0.8287
褋褌邪褌褜,0,0.8280
芯褋褌邪褌褜褋褟,0,0.8273
胁褘泄褌懈,0,0.8260
胁芯泄褌懈,0,0.8253
胁械褉薪褍褌褜褋褟,0,0.8247
写芯斜褉邪褌褜褋褟,0,0.8240
写褉褍谐,1,0.8233
锌芯写褉褍谐邪,1,0.8227
谢械褋,1,0.8220
褉械泻邪,1,0.8213
屑芯褉械,1,0.8207
薪械斜芯,1,0.8200
褋芯谢薪褑械,1,0.8193
谢褍薪邪,1,0.8187
蟹胁械蟹写邪,1,0.8180
写械褉械胁芯,1,0.8173
褑胁械褌芯泻,1,0.8167
褌褉邪胁邪,1,0.8160
谐芯褉邪,1,0.8153
锌芯谢械,1,0.8147
芯斜谢邪泻芯,1,0.8140
写芯卸写褜,1,0.8133
褋薪械谐,1,0.8127
胁械褌械褉,1,0.8120
褉邪写褍谐邪,1,0.8113
锌褌懈褑邪,1,0.8107
褉褘斜邪,1,0.8100
蟹邪褟褑,1,0.8093
谢懈褋邪,1,0.8087
胁芯谢泻,1,0.8080
屑械写胁械写褜,1,0.8073
谢芯褕邪写褜,1,0.8067
泻芯褉芯胁邪,1,0.8060
褋胁懈薪褜褟,1,0.8053
芯胁褑邪,1,0.8047
泻芯蟹邪,1,0.8040
泻褍褉懈褑邪,1,0.8033
褍褌泻邪,1,0.8027
谐褍褋褜,1,0.8020
褋谢芯薪,1,0.8013
褌懈谐褉,1,0.8007
谢械胁,1,0.8000
芯斜械蟹褜褟薪邪,1,0.7993
褔械褉械锌邪褏邪,1,0.7987
褢卸懈泻,1,0.7980
斜械谢泻邪,1,0.7973
屑褘褕褜,1,0.7967
谢褟谐褍褕泻邪,1,0.7960
斜邪斜芯褔泻邪,1,0.7953
锌褔械谢邪,1,0.7947
锌邪褍泻,1,0.7940
卸褍泻,1,0.7933
褔械褉胁褟泻,1,0.7927
写褉褍卸斜邪,1,0.7920
褉邪写芯褋褌褜,1,0.7913
谐褉褍褋褌褜,1,0.7907
褋屑械褏,1,0.7900
褋谢褢蟹褘,1,0.7893
写芯斜褉芯,1,0.7887
蟹谢芯,1,0.7880
锌芯屑芯褖褜,1,0.7873
蟹邪斜芯褌邪,1,0.7867
谢邪褋泻邪,1,0.7860
锌褉懈胁械褌,1,0.7853
锌芯泻邪,1,0.7847
褋锌邪褋懈斜芯,1,0.7840
锌芯卸邪谢褍泄褋褌邪,1,0.7833
懈蟹胁懈薪懈,1,0.7827
屑芯谢芯写械褑,1,0.7820
褍屑薪懈褑邪,1,0.7813
褏褉邪斜褉褘泄,1,0.7807
褌褉褍褋谢懈胁褘泄,1,0.7800
褍屑薪褘泄,1,0.7793
褔械褋褌薪褘泄,1,0.7773
卸邪写薪褘泄,1,0.7767
褖械写褉褘泄,1,0.7760
谢械薪懈胁褘泄,1,0.7753
褌褉褍写芯谢褞斜懈胁褘泄,1,0.7747
胁褘褋芯泻懈泄,1,0.7740
薪懈蟹泻懈泄,1,0.7733
褌芯谢褋褌褘泄,1,0.7727
褌芯薪泻懈泄,1,0.7720
褕懈褉芯泻懈泄,1,0.7713
褍蟹泻懈泄,1,0.7707
褌褢锌谢褘泄,1,0.7700
褏芯谢芯写薪褘泄,1,0.7693
褟褉泻懈泄,1,0.7687
褌褢屑薪褘泄,1,0.7680
屑褟谐泻懈泄,1,0.7673
褌胁褢褉写褘泄,1,0.7667
谐谢邪写泻懈泄,1,0.7660
芯褋褌褉褘泄,1,0.7653
褌褟卸褢谢褘泄,1,0.7647
谢褢谐泻懈泄,1,0.7640
褋谢邪写泻懈泄,1,0.7633
谐芯褉褜泻懈泄,1,0.7627
泻懈褋谢褘泄,1,0.7620
褋芯谢褢薪褘泄,1,0.7613
胁泻褍褋薪褘泄,1,0.7607
谐芯谢芯写薪褘泄,1,0.7600
褋褘褌褘泄,1,0.7593
褋芯薪薪褘泄,1,0.7587
褍褋褌邪谢褘泄,1,0.7580
蟹写芯褉芯胁褘泄,1,0.7573
斜芯谢褜薪芯泄,1,0.7567
褍谢懈褑邪,1,0.7560
写胁芯褉,1,0.7553
锌邪褉泻,1,0.7547
褋邪写,1,0.7540
芯谐芯褉芯写,1,0.7533
屑邪谐邪蟹懈薪,1,0.7527
褕泻芯谢邪,1,0.7520
斜芯谢褜薪懈褑邪,1,0.7507
邪锌褌械泻邪,1,0.7500
斜懈斜谢懈芯褌械泻邪,1,0.7493
泻懈薪芯,1,0.7487
褑懈褉泻,1,0.7480
蟹芯芯锌邪褉泻,1,0.7473
泻邪褔械谢懈,1,0.7467
谐芯褉泻邪,1,0.7460
锌械褋芯褔薪懈褑邪,1,0.7453
胁械谢芯褋懈锌械写,1,0.7447
褋邪屑芯泻邪褌,1,0.7440
屑邪褕懈薪邪,1,0.7433
邪胁褌芯斜褍褋,1,0.7427
锌芯械蟹写,1,0.7420
褋邪屑芯谢褢褌,1,0.7413
泻芯褉邪斜谢褜,1,0.7407
谢芯写泻邪,1,0.7400
褉邪泻械褌邪,1,0.7393
泻邪褉邪薪写邪褕,1,0.7387
泻褉邪褋泻懈,1,0.7380
斜褍屑邪谐邪,1,0.7373
懈谐褉褍褕泻邪,1,0.7367
泻褍泻谢邪,1,0.7360
屑邪褕懈薪泻邪,1,0.7353
泻芯薪褋褌褉褍泻褌芯褉,1,0.7347
锌邪蟹谢,1,0.7340
屑芯褉芯卸械薪芯械,1,0.7333
泻芯薪褎械褌邪,1,0.7327
褌芯褉褌,1,0.7320
锌械褔械薪褜械,1,0.7313
褋褍锌,1,0.7307
泻邪褕邪,1,0.7300
锌懈褉芯谐,1,0.7293
胁邪褉械薪褜械,1,0.7287
芯胁芯褖懈,1,0.7280
褎褉褍泻褌褘,1,0.7273
屑芯褉泻芯胁褜,1,0.7267
泻邪锌褍褋褌邪,1,0.7260
泻邪褉褌芯褕泻邪,1,0.7253
锌芯屑懈写芯褉,1,0.7247
芯谐褍褉械褑,1,0.7240
谐芯褉芯褏,1,0.7233
斜邪薪邪薪,1,0.7227
邪锌械谢褜褋懈薪,1,0.7220
谐褉褍褕邪,1,0.7213
胁懈褕薪褟,1,0.7207
泻谢褍斜薪懈泻邪,1,0.7200
屑邪谢懈薪邪,1,0.7193
褌邪褉械谢泻邪,1,0.7187
泻褉褍卸泻邪,1,0.7180
谢芯卸泻邪,1,0.7173
胁懈谢泻邪,1,0.7167
薪芯卸,1,0.7160
泻邪褋褌褉褞谢褟,1,0.7153
褕泻邪褎,1,0.7147
泻褉芯胁邪褌褜,1,0.7140
锌芯写褍褕泻邪,1,0.7133
芯写械褟谢芯,1,0.7127
谢邪屑锌邪,1,0.7120
胁邪薪薪邪,1,0.7113
屑褘谢芯,1,0.7107
锌芯谢芯褌械薪褑械,1,0.7100
锌谢邪褌褜械,1,0.7087
褉褍斜邪褕泻邪,1,0.7080
褕褌邪薪褘,1,0.7073
泻褍褉褌泻邪,1,0.7067
褕邪锌泻邪,1,0.7060
锌械褉褔邪褌泻懈,1,0.7053
斜芯褌懈薪泻懈,1,0.7047
薪芯褋泻懈,1,0.7040
褕邪褉褎,1,0.7033
锌褉懈泻谢褞褔械薪懈械,2,0.7020
锌褍褌械褕械褋褌胁懈械,2,0.7013
懈褋褌芯褉懈褟,2,0.7007
褋泻邪蟹泻邪,2,0.7000
屑械褔褌邪,2,0.6993
薪邪写械卸写邪,2,0.6987
褋褌褉邪褏,2,0.6980
褋屑械谢芯褋褌褜,2,0.6973
褋懈谢邪,2,0.6967
褋谢邪斜芯褋褌褜,2,0.6960
锌芯斜械写邪,2,0.6953
锌芯褉邪卸械薪懈械,2,0.6947
褌邪泄薪邪,2,0.6940
蟹邪谐邪写泻邪,2,0.6933
褔褍写芯,2,0.6927
胁芯谢褕械斜褋褌胁芯,2,0.6920
芯锌邪褋薪芯褋褌褜,2,0.6913
褋锌邪褋械薪懈械,2,0.6907
薪邪谐褉邪写邪,2,0.6900
懈褋锌褘褌邪薪懈械,2,0.6893
谐械褉芯泄,2,0.6887
蟹谢芯写械泄,2,0.6880
锌褉懈薪褑械褋褋邪,2,0.6873
锌褉懈薪褑,2,0.6867
褉褘褑邪褉褜,2,0.6860
写褉邪泻芯薪,2,0.6853
谐薪芯屑,2,0.6847
褝谢褜褎,2,0.6840
褎械褟,2,0.6833
胁芯谢褕械斜薪懈泻,2,0.6827
蟹邪屑芯泻,2,0.6820
斜邪褕薪褟,2,0.6813
屑芯褋褌,2,0.6807
锌械褖械褉邪,2,0.6800
胁芯写芯锌邪写,2,0.6787
锌芯谢褟薪邪,2,0.6780
斜械褉械谐,2,0.6773
芯褋褌褉芯胁,2,0.6767
褋芯泻褉芯胁懈褖械,2,0.6760
泻邪褉褌邪,2,0.6753
泻芯屑锌邪褋,2,0.6747
褎邪泻械谢,2,0.6740
屑械褔,2,0.6733
褖懈褌,2,0.6727
谢褍泻,2,0.6720
褋褌褉械谢邪,2,0.6713
懈褋褋谢械写芯胁邪褌褜,2,0.6707
锌褍褌械褕械褋褌胁芯胁邪褌褜,2,0.6700
褋芯蟹写邪胁邪褌褜,2,0.6693
锌褉懈写褍屑褘胁邪褌褜,2,0.6687
锌褉械芯写芯谢械胁邪褌褜,2,0.6680
锌芯斜械卸写邪褌褜,2,0.6673
蟹邪褖懈褖邪褌褜,2,0.6667
褋锌邪褋邪褌褜,2,0.6660
褉懈褋泻芯胁邪褌褜,2,0.6653
褋褌邪褉邪褌褜褋褟,2,0.6647
蟹邪斜芯褌懈褌褜褋褟,2,0.6627
锌芯写写械褉卸懈胁邪褌褜,2,0.6613
胁械褉懈褌褜,2,0.6607
薪邪写械褟褌褜褋褟,2,0.6600
屑械褔褌邪褌褜,2,0.6593
褉械褕懈褌褜褋褟,2,0.6587
芯褋屑械谢懈褌褜褋褟,2,0.6580
褋锌褉邪胁械写谢懈胁褘泄,2,0.6567
胁薪懈屑邪褌械谢褜薪褘泄,2,0.6560
蟹邪斜芯褌谢懈胁褘泄,2,0.6553
褌械褉锌械谢懈胁褘泄,2,0.6547
谢褞斜芯锌褘褌薪褘泄,2,0.6540
褋屑械谢褘泄,2,0.6533
芯褌胁邪卸薪褘泄,2,0.6527
胁械谢懈泻芯写褍褕薪褘泄,2,0.6520
屑懈谢芯褋械褉写薪褘泄,2,0.6513
胁械褉薪褘泄,2,0.6507
锌褉械写邪薪薪褘泄,2,0.6500
薪邪写褢卸薪褘泄,2,0.6493
懈褋泻褉械薪薪懈泄,2,0.6487
胁芯芯斜褉邪卸械薪懈械,2,0.6480
褎邪薪褌邪蟹懈褟,2,0.6473
褌胁芯褉褔械褋褌胁芯,2,0.6467
懈蟹芯斜褉械褌械薪懈械,2,0.6460
芯褌泻褉褘褌懈械,2,0.6453
薪邪褍泻邪,2,0.6447
锌褉懈褉芯写邪,2,0.6440
卸懈胁芯褌薪褘械,2,0.6433
褉邪褋褌械薪懈褟,2,0.6427
锌谢邪薪械褌邪,2,0.6420
胁褋械谢械薪薪邪褟,2,0.6413
锌褉芯褋褌褉邪薪褋褌胁芯,2,0.6407
写胁懈卸械薪懈械,2,0.6400
褋泻芯褉芯褋褌褜,2,0.6393
褌械屑锌械褉邪褌褍褉邪,2,0.6380
褋胁械褌,2,0.6373
蟹胁褍泻,2,0.6367
蟹邪锌邪褏,2,0.6360
胁泻褍褋,2,0.6353
泻芯谢谢械泻褑懈褟,2,0.6347
泻芯屑邪薪写邪,2,0.6340
褋芯褉械胁薪芯胁邪薪懈械,2,0.6333
懈谐褉邪,2,0.6327
锌褉邪胁懈谢邪,2,0.6320
褔械褋褌薪芯褋褌褜,2,0.6313
褍胁邪卸械薪懈械,2,0.6307
褌械褉锌械薪懈械,2,0.6300
胁薪懈屑邪薪懈械,2,0.6293
薪邪褋褌褉芯械薪懈械,2,0.6287
褏邪褉邪泻褌械褉,2,0.6280
锌褉懈胁褘褔泻邪,2,0.6273
褋锌芯褋芯斜薪芯褋褌褜,2,0.6267
褌邪谢邪薪褌,2,0.6260
褍屑械薪懈械,2,0.6253
薪邪胁褘泻,2,0.6247
蟹薪邪薪懈械,2,0.6240
芯锌褘褌,2,0.6233
锌芯薪懈屑邪薪懈械,2,0.6227
锌邪屑褟褌褜,2,0.6220
胁芯谢褟,2,0.6207
卸械谢邪薪懈械,2,0.6200
褑械谢褜,2,0.6187
锌谢邪薪,2,0.6180
褉械褕械薪懈械,2,0.6173
胁褘斜芯褉,2,0.6167
胁芯蟹屑芯卸薪芯褋褌褜,2,0.6160
褍褋懈谢懈械,2,0.6153
褉械蟹褍谢褜褌邪褌,2,0.6147
褍褋锌械褏,2,0.6140
薪械褍写邪褔邪,2,0.6133
锌芯锌褘褌泻邪,2,0.6127
褕邪薪褋,2,0.6120
褍写邪褔邪,2,0.6113
胁械蟹械薪懈械,2,0.6107
褋褍写褜斜邪,2,0.6100
斜褍写褍褖械械,2,0.6093
锌褉芯褕谢芯械,2,0.6087
薪邪褋褌芯褟褖械械,2,0.6080
懈蟹屑械薪械薪懈械,2,0.6073
褉邪蟹胁懈褌懈械,2,0.6067
褉芯褋褌,2,0.6060
锌褉芯谐褉械褋褋,2,0.6053
锌芯谢褜蟹邪,2,0.6047
胁褉械写,2,0.6040
锌褉懈褔懈薪邪,2,0.6027
褋谢械写褋褌胁懈械,2,0.6020
褋胁褟蟹褜,2,0.6013
芯褌泻褉褘胁邪褌褜,3,0.6007
锌褉械芯写芯谢械胁邪褌褜,3,0.6000
写芯褋褌懈谐邪褌褜,3,0.5993
褋褌褉械屑懈褌褜褋褟,3,0.5987
褉邪蟹胁懈胁邪褌褜褋褟,3,0.5980
懈蟹屑械薪褟褌褜褋褟,3,0.5973
锌褉懈薪懈屑邪褌褜,3,0.5967
邪薪邪谢懈蟹懈褉芯胁邪褌褜,3,0.5960
褋褉邪胁薪懈胁邪褌褜,3,0.5953
芯褑械薪懈胁邪褌褜,3,0.5947
褉邪褋褋褍卸写邪褌褜,3,0.5933
写芯泻邪蟹褘胁邪褌褜,3,0.5927
芯斜褗褟褋薪褟褌褜,3,0.5920
芯锌懈褋褘胁邪褌褜,3,0.5913
锌褉械写谢邪谐邪褌褜,3,0.5907
胁褘斜懈褉邪褌褜,3,0.5900
褉械褕邪褌褜,3,0.5893
锌谢邪薪懈褉芯胁邪褌褜,3,0.5887
芯褉谐邪薪懈蟹芯胁褘胁邪褌褜,3,0.5880
褍谢褍褔褕邪褌褜,3,0.5867
褋芯胁械褉褕械薪褋褌胁芯胁邪褌褜,3,0.5860
锌褉械芯斜褉邪蟹芯胁褘胁邪褌褜,3,0.5853
胁芯锌谢芯褖邪褌褜,3,0.5847
写芯褋褌懈卸械薪懈械,3,0.5840
褋褌褉械屑谢械薪懈械,3,0.5833
褑械谢械褍褋褌褉械屑谢褢薪薪芯褋褌褜,3,0.5827
薪邪褋褌芯泄褔懈胁芯褋褌褜,3,0.5820
褍锌芯褉褋褌胁芯,3,0.5813
褌褉褍写芯谢褞斜懈械,3,0.5807
写懈褋褑懈锌谢懈薪邪,3,0.5800
褋邪屑芯褋褌芯褟褌械谢褜薪芯褋褌褜,3,0.5793
芯褌胁械褌褋褌胁械薪薪芯褋褌褜,3,0.5787
写芯斜褉芯褋芯胁械褋褌薪芯褋褌褜,3,0.5780
懈薪懈褑懈邪褌懈胁邪,3,0.5773
褉械褕懈褌械谢褜薪芯褋褌褜,3,0.5760
褍胁械褉械薪薪芯褋褌褜,3,0.5753
谢懈写械褉褋褌胁芯,3,0.5747
褋芯褌褉褍写薪懈褔械褋褌胁芯,3,0.5740
胁蟹邪懈屑芯锌芯屑芯褖褜,3,0.5733
褋芯谢懈写邪褉薪芯褋褌褜,3,0.5727
泻芯谢谢械泻褌懈胁,3,0.5720
芯斜褖械褋褌胁芯,3,0.5713
褌褉邪写懈褑懈懈,3,0.5707
泻褍谢褜褌褍褉邪,3,0.5700
褑械薪薪芯褋褌懈,3,0.5693
锌褉懈薪褑懈锌褘,3,0.5687
褍斜械卸写械薪懈褟,3,0.5680
屑懈褉芯胁芯蟹蟹褉械薪懈械,3,0.5673
薪褉邪胁褋褌胁械薪薪芯褋褌褜,3,0.5667
屑芯褉邪谢褜,3,0.5660
褋芯胁械褋褌褜,3,0.5653
褋锌褉邪胁械写谢懈胁芯褋褌褜,3,0.5647
锌芯褉褟写芯褔薪芯褋褌褜,3,0.5633
斜谢邪谐芯褉芯写褋褌胁芯,3,0.5627
胁械谢懈泻芯写褍褕懈械,3,0.5620
褋芯褋褌褉邪写邪薪懈械,3,0.5613
褝屑锌邪褌懈褟,3,0.5607
褋芯褔褍胁褋褌胁懈械,3,0.5600
锌芯写写械褉卸泻邪,3,0.5593
胁写芯褏薪芯胁械薪懈械,3,0.5587
屑芯褌懈胁邪褑懈褟,3,0.5580
褝薪褌褍蟹懈邪蟹屑,3,0.5573
褝薪械褉谐懈褟,3,0.5567
邪泻褌懈胁薪芯褋褌褜,3,0.5560
懈薪懈褑懈邪褌懈胁薪芯褋褌褜,3,0.5553
邪薪邪谢懈褌懈褔械褋泻懈泄,3,0.5540
泻褉懈褌懈褔械褋泻懈泄,3,0.5533
谢芯谐懈褔械褋泻懈泄,3,0.5527
褋懈褋褌械屑薪褘泄,3,0.5520
褋褌褉邪褌械谐懈褔械褋泻懈泄,3,0.5513
懈褋褋谢械写芯胁邪褌械谢褜褋泻懈泄,3,0.5507
褝泻褋锌械褉懈屑械薪褌邪谢褜薪褘泄,3,0.5500
锌芯蟹薪邪胁邪褌械谢褜薪褘泄,3,0.5493
芯斜褉邪蟹芯胁邪褌械谢褜薪褘泄,3,0.5487
胁芯褋锌懈褌邪褌械谢褜薪褘泄,3,0.5480
褉邪蟹胁懈胁邪褞褖懈泄,3,0.5473
褎芯褉屑懈褉褍褞褖懈泄,3,0.5467
蟹邪泻芯薪芯屑械褉薪芯褋褌褜,3,0.5460
胁蟹邪懈屑芯写械泄褋褌胁懈械,3,0.5453
胁蟹邪懈屑芯蟹邪胁懈褋懈屑芯褋褌褜,3,0.5447
胁蟹邪懈屑芯胁谢懈褟薪懈械,3,0.5440
褋芯褌褉褍写薪懈褔邪褌褜,3,0.5433
写芯谐芯胁邪褉懈胁邪褌褜褋褟,3,0.5427
泻芯屑锌褉芯屑懈褋褋,3,0.5420
锌械褉械谐芯胁芯褉褘,3,0.5413
泻芯薪褎谢懈泻褌,3,0.5407
褉邪蟹褉械褕械薪懈械,3,0.5400
屑械写懈邪褑懈褟,3,0.5393
写懈邪谢芯谐,3,0.5387
写懈褋泻褍褋褋懈褟,3,0.5380
邪褉谐褍屑械薪褌,3,0.5373
泻芯薪褌褉邪褉谐褍屑械薪褌,3,0.5367
胁褘胁芯写,3,0.5360
蟹邪泻谢褞褔械薪懈械,3,0.5353
芯斜芯斜褖械薪懈械,3,0.5347
褋懈褋褌械屑邪褌懈蟹邪褑懈褟,3,0.5340
泻谢邪褋褋懈褎懈泻邪褑懈褟,3,0.5333
泻邪褌械谐芯褉懈蟹邪褑懈褟,3,0.5327
褏邪褉邪泻褌械褉懈褋褌懈泻邪,3,0.5320
芯锌懈褋邪薪懈械,3,0.5313
芯锌褉械写械谢械薪懈械,3,0.5307
锌芯薪褟褌懈械,3,0.5300
泻芯薪褑械锌褑懈褟,3,0.5293
褌械芯褉懈褟,3,0.5287
谐懈锌芯褌械蟹邪,3,0.5280
锌褉械写锌芯谢芯卸械薪懈械,3,0.5273
锌芯写褌胁械褉卸写械薪懈械,3,0.5267
芯锌褉芯胁械褉卸械薪懈械,3,0.5260
写芯泻邪蟹邪褌械谢褜褋褌胁芯,3,0.5253
褎邪泻褌,3,0.5247
褋胁懈写械褌械谢褜褋褌胁芯,3,0.5240
懈褋褌芯褔薪懈泻,3,0.5233
懈薪褎芯褉屑邪褑懈褟,3,0.5227
写邪薪薪褘械,3,0.5220
褋褌邪褌懈褋褌懈泻邪,3,0.5213
邪薪邪谢懈蟹,3,0.5207
褋懈薪褌械蟹,3,0.5200
芯褑械薪泻邪,3,0.5193
褉械褎谢械泻褋懈褟,3,0.5187
褋邪屑芯褉械褎谢械泻褋懈褟,3,0.5180
泻褉懈褌械褉懈泄,3,0.5173
锌芯泻邪蟹邪褌械谢褜,3,0.5167
锌邪褉邪屑械褌褉,3,0.5160
懈薪写懈泻邪褌芯褉,3,0.5153
懈蟹屑械褉械薪懈械,3,0.5147
薪邪斜谢褞写械薪懈械,3,0.5140
褝泻褋锌械褉懈屑械薪褌,3,0.5133
懈褋褋谢械写芯胁邪薪懈械,3,0.5127
懈蟹芯斜褉械褌械薪懈械,3,0.5113
懈薪薪芯胁邪褑懈褟,3,0.5107
褌械褏薪芯谢芯谐懈褟,3,0.5100
芯褌胁械褌褋褌胁械薪薪芯褋褌褜,4,0.5093
薪邪褋褌芯泄褔懈胁芯褋褌褜,4,0.5087
写芯褋褌懈卸械薪懈械,4,0.5080
锌芯褋谢械写褋褌胁懈械,4,0.5073
锌褉械芯斜褉邪蟹芯胁邪薪懈械,4,0.5067
胁泻谢邪写,4,0.5060
芯斜褟蟹邪褌械谢褜褋褌胁芯,4,0.5053
芯斜褟蟹邪薪薪芯褋褌褜,4,0.5047
写芯谢谐,4,0.5040
褔械褋褌褜,4,0.5033
写芯褋褌芯懈薪褋褌胁芯,4,0.5027
褋邪屑芯褍胁邪卸械薪懈械,4,0.5020
褋邪屑芯褋芯胁械褉褕械薪褋褌胁芯胁邪薪懈械,4,0.5013
褋邪屑芯褉械邪谢懈蟹邪褑懈褟,4,0.5007
褋邪屑芯褉邪蟹胁懈褌懈械,4,0.5000
褋邪屑芯写懈褋褑懈锌谢懈薪邪,4,0.4993
褋邪屑芯泻芯薪褌褉芯谢褜,4,0.4987
褋邪屑芯芯褑械薪泻邪,4,0.4980
褋邪屑芯邪薪邪谢懈蟹,4,0.4973
褋邪屑芯锌芯蟹薪邪薪懈械,4,0.4967
屑懈褉芯胁芯褋锌褉懈褟褌懈械,4,0.4960
屑懈褉芯芯褖褍褖械薪懈械,4,0.4953
屑懈褉芯锌芯薪懈屑邪薪懈械,4,0.4947
懈薪写懈胁懈写褍邪谢褜薪芯褋褌褜,4,0.4940
褍薪懈泻邪谢褜薪芯褋褌褜,4,0.4933
薪械锌芯胁褌芯褉懈屑芯褋褌褜,4,0.4927
懈写械薪褌懈褔薪芯褋褌褜,4,0.4920
褋邪屑芯懈写械薪褌懈褎懈泻邪褑懈褟,4,0.4913
锌褉懈薪邪写谢械卸薪芯褋褌褜,4,0.4907
谐褉邪卸写邪薪褋褌胁械薪薪芯褋褌褜,4,0.4900
锌邪褌褉懈芯褌懈蟹屑,4,0.4893
谐褍屑邪薪懈蟹屑,4,0.4887
邪谢褜褌褉褍懈蟹屑,4,0.4880
褎懈谢邪薪褌褉芯锌懈褟,4,0.4873
褌芯谢械褉邪薪褌薪芯褋褌褜,4,0.4867
褌械褉锌懈屑芯褋褌褜,4,0.4860
锌褉懈薪褟褌懈械,4,0.4853
褉邪蟹薪芯芯斜褉邪蟹懈械,4,0.4847
懈薪泻谢褞蟹懈胁薪芯褋褌褜,4,0.4840
褉邪胁薪芯锌褉邪胁懈械,4,0.4833
褋锌褉邪胁械写谢懈胁芯褋褌褜,4,0.4827
薪褉邪胁褋褌胁械薪薪褘泄,4,0.4820
褝褌懈褔械褋泻懈泄,4,0.4813
屑芯褉邪谢褜薪褘泄,4,0.4807
写褍褏芯胁薪褘泄,4,0.4800
懈薪褌械谢谢械泻褌褍邪谢褜薪褘泄,4,0.4793
褝屑芯褑懈芯薪邪谢褜薪褘泄,4,0.4787
褋芯褑懈邪谢褜薪褘泄,4,0.4780
泻褍谢褜褌褍褉薪褘泄,4,0.4773
芯斜褉邪蟹芯胁邪薪薪褘泄,4,0.4767
泻芯屑锌械褌械薪褌薪褘泄,4,0.4760
锌褉芯褎械褋褋懈芯薪邪谢褜薪褘泄,4,0.4753
泻胁邪谢懈褎懈褑懈褉芯胁邪薪薪褘泄,4,0.4747
芯锌褘褌薪褘泄,4,0.4740
屑褍写褉褘泄,4,0.4733
蟹褉械谢褘泄,4,0.4727
芯褋芯蟹薪邪薪薪褘泄,4,0.4720
屑薪芯谐芯谐褉邪薪薪褘泄,4,0.4700
胁褋械褋褌芯褉芯薪薪懈泄,4,0.4693
谐邪褉屑芯薪懈褔薪褘泄,4,0.4687
褑械谢芯褋褌薪褘泄,4,0.4680
褋芯胁芯泻褍锌薪芯褋褌褜,4,0.4673
锌褉芯褌懈胁芯褉械褔懈械,4,0.4667
锌邪褉邪写芯泻褋,4,0.4653
褎械薪芯屑械薪,4,0.4647
泻邪褌械谐芯褉懈褟,4,0.4640
邪斜褋褌褉邪泻褑懈褟,4,0.4633
泻芯薪褑械锌褌褍邪谢懈蟹邪褑懈褟,4,0.4627
懈薪褌械谐褉邪褑懈褟,4,0.4613
褌褉邪薪褋褎芯褉屑邪褑懈褟,4,0.4607
褝胁芯谢褞褑懈褟,4,0.4600
褉械胁芯谢褞褑懈褟,4,0.4593
褉械褎芯褉屑邪,4,0.4587
屑芯写械褉薪懈蟹邪褑懈褟,4,0.4580
芯锌褌懈屑懈蟹邪褑懈褟,4,0.4573
褝褎褎械泻褌懈胁薪芯褋褌褜,4,0.4567
褉械蟹褍谢褜褌邪褌懈胁薪芯褋褌褜,4,0.4560
锌褉芯懈蟹胁芯写懈褌械谢褜薪芯褋褌褜,4,0.4553
褍褋褌芯泄褔懈胁芯褋褌褜,4,0.4547
薪邪写褢卸薪芯褋褌褜,4,0.4540
斜械蟹芯锌邪褋薪芯褋褌褜,4,0.4533
蟹邪褖懈褖褢薪薪芯褋褌褜,4,0.4527
斜谢邪谐芯锌芯谢褍褔懈械,4,0.4520
锌褉芯褑胁械褌邪薪懈械,4,0.4513
褑懈胁懈谢懈蟹邪褑懈褟,4,0.4500
薪邪褋谢械写懈械,4,0.4493
褌褉邪写懈褑懈褟,4,0.4487
锌褉械械屑褋褌胁械薪薪芯褋褌褜,4,0.4480
谢械褌芯锌懈褋褜,4,0.4460
写芯泻褍屑械薪褌邪褑懈褟,4,0.4453
邪褉褏懈胁,4,0.4447
邪褉谐褍屑械薪褌邪褑懈褟,4,0.4427
芯斜芯褋薪芯胁邪薪懈械,4,0.4420
谢芯谐懈泻邪,4,0.4413
屑械褌芯写芯谢芯谐懈褟,4,0.4407
锌芯写褏芯写,4,0.4400
褋褌褉邪褌械谐懈褟,4,0.4393
褌邪泻褌懈泻邪,4,0.4387
邪谢谐芯褉懈褌屑,4,0.4380
锌芯褋谢械写芯胁邪褌械谢褜薪芯褋褌褜,4,0.4373
褋褌褉褍泻褌褍褉邪,4,0.4367
褋懈褋褌械屑邪,4,0.4360
屑械褏邪薪懈蟹屑,4,0.4353
锌褉懈薪褑懈锌,4,0.4347
蟹邪泻芯薪,4,0.4340
锌褉邪胁懈谢芯,4,0.4333
薪芯褉屑邪,4,0.4327
褋褌邪薪写邪褉褌,4,0.4320
泻褉懈褌械褉懈泄,4,0.4313
锌芯泻邪蟹邪褌械谢褜,4,0.4307
